Time,kill_time,Test,Elite,Knight,Chaos,Hell
MAX,-1,21000,42000,93000,186000,372000
0:00,0,20925,41850,92700,185401,370802
0:01,1,20850,41701,92402,184804,369608
0:02,2,20776,41552,92104,184209,368418
0:03,3,20702,41404,91808,183616,367232
0:04,4,20628,41256,91512,183025,366050
0:05,5,20554,41109,91218,182436,364872
0:06,6,20481,40962,90924,181849,363698
0:07,7,20408,40816,90632,181264,362528
0:08,8,20335,40670,90340,180681,361362
0:09,9,20262,40525,90050,180100,360200
0:10,10,20190,40380,89760,179521,359042
0:11,11,20118,40236,89472,178944,357888
0:12,12,20046,40092,89184,178369,356738
0:13,13,19974,39949,88898,177796,355592
0:14,14,19903,39806,88612,177225,354450
0:15,15,19832,39664,88328,176656,353312
0:16,16,19761,39522,88044,176089,352178
0:17,17,19690,39381,87762,175524,351048
0:18,18,19620,39240,87480,174961,349922
0:19,19,19550,39100,87200,174400,348800
0:20,20,19480,38960,86920,173841,347682
0:21,21,19410,38821,86642,173284,346568
0:22,22,19341,38682,86364,172729,345458
0:23,23,19272,38544,86088,172176,344352
0:24,24,19203,38406,85812,171625,343250
0:25,25,19134,38269,85538,171076,342152
0:26,26,19066,38132,85264,170529,341058
0:27,27,18998,37996,84992,169984,339968
0:28,28,18930,37860,84720,169441,338882
0:29,29,18862,37725,84450,168900,337800
0:30,30,18795,37590,84180,168361,336722
0:31,31,18728,37456,83912,167824,335648
0:32,32,18661,37322,83644,167289,334578
0:33,33,18594,37189,83378,166756,333512
0:34,34,18528,37056,83112,166225,332450
0:35,35,18462,36924,82848,165696,331392
0:36,36,18396,36792,82584,165169,330338
0:37,37,18330,36661,82322,164644,329288
0:38,38,18265,36530,82060,164121,328242
0:39,39,18200,36400,81800,163600,327200
0:40,40,18135,36270,81540,163081,326162
0:41,41,18070,36141,81282,162564,325128
0:42,42,18006,36012,81024,162049,324098
0:43,43,17942,35884,80768,161536,323072
0:44,44,17878,35756,80512,161025,322050
0:45,45,17814,35629,80258,160516,321032
0:46,46,17751,35502,80004,160009,320018
0:47,47,17688,35376,79752,159504,319008
0:48,48,17625,35250,79500,159001,318002
0:49,49,17562,35125,79250,158500,317000
0:50,50,17500,35000,79000,158001,316002
0:51,51,17438,34876,78752,157504,315008
0:52,52,17376,34752,78504,157009,314018
0:53,53,17314,34629,78258,156516,313032
0:54,54,17253,34506,78012,156025,312050
0:55,55,17192,34384,77768,155536,311072
0:56,56,17131,34262,77524,155049,310098
0:57,57,17070,34141,77282,154564,309128
0:58,58,17010,34020,77040,154081,308162
0:59,59,16950,33900,76800,153600,307200
1:00,60,16890,33780,76560,153121,306242